{"cameraMode":{"drawMode":0,"name":"Shaded","section":"Shading Mode"},"sceneLighting":true,"audioPlay":false,"sceneViewState":{"showFog":true,"showMaterialUpdate":false,"showSkybox":true,"showFlares":true,"showImageEffects":true,"showParticleSystems":true},"in2DMode":false,"pivot":{"x":-1.3185099363327027,"y":4.53265380859375,"z":-97.64276123046875},"rotation":{"x":0.17572613060474397,"y":0.17364472150802613,"z":0.03150976821780205,"w":-0.9684911370277405},"size":-13.167946815490723,"orthographic":false}